{"cameraMode":{"drawMode":0,"name":"Shaded","section":"Shading Mode"},"sceneLighting":true,"audioPlay":false,"sceneViewState":{"showFog":true,"showMaterialUpdate":false,"showSkybox":true,"showFlares":true,"showImageEffects":true,"showParticleSystems":true},"in2DMode":false,"pivot":{"x":0.3273272216320038,"y":-1.608203411102295,"z":1.5113201141357422},"rotation":{"x":-0.0052107470110058788,"y":0.9946446418762207,"z":-0.08105286955833435,"w":-0.06394334137439728},"size":10.0,"orthographic":false}